{"cameraMode":{"drawMode":0,"name":"Shaded","section":"Shading Mode"},"sceneLighting":true,"audioPlay":false,"sceneViewState":{"m_AlwaysRefresh":false,"showFog":true,"showSkybox":true,"showFlares":true,"showImageEffects":true,"showParticleSystems":true,"showVisualEffectGraphs":true,"m_FxEnabled":true},"in2DMode":false,"pivot":{"x":-1.1877280473709107,"y":1.0195163488388062,"z":2.7254767417907717},"rotation":{"x":-0.13188830018043519,"y":0.02289365418255329,"z":-0.003046661149710417,"w":-0.9909907579421997},"size":4.530255317687988,"orthographic":false}